{"lr": 0.064, "data_time": 0.003055262565612793, "loss": 232.95859069824218, "time": 0.5436516523361206, "epoch": 1, "iter": 34, "step": 34}
{"lr": 0.064, "data_time": 0.0013632059097290039, "loss": 3.537209963798523, "time": 0.31289408206939695, "epoch": 2, "iter": 68, "step": 68}
{"lr": 0.062272, "data_time": 0.0011276006698608398, "loss": 2.9552244663238527, "time": 0.2342973232269287, "epoch": 3, "iter": 102, "step": 102}
{"lr": 0.062272, "data_time": 0.001892852783203125, "loss": 2.9406738758087156, "time": 0.3464419603347778, "epoch": 4, "iter": 136, "step": 136}
{"lr": 0.060590656, "data_time": 0.002933216094970703, "loss": 2.9051487684249877, "time": 0.3680135488510132, "epoch": 5, "iter": 170, "step": 170}
